property_id,address,price,type,description,instagram_post,facebook_post,linkedin_post,processing_date
prop_001,"123 Maple Street, Downtown","$450,000",2-Bedroom Condo,Fallback: Beautiful property with modern features.,"Fallback: Beautiful property with modern features.

ğŸ“ 123 Maple Street, Downtown
ğŸ’° $450,000
ğŸ  2-Bedr","ğŸ¡ New Listing Alert! ğŸ¡

Fallback: Beautiful property with modern features.

ğŸ“ Location: 123 Maple St","Exciting New Property Listing!

Fallback: Beautiful property with modern features.

Professional Det",2025-10-31T20:01:49.698419
prop_001,"123 Maple Street, Downtown","$450,000",2-Bedroom Condo,"Here are a few options for a compelling social post:

**Option 1 (Focus on Potential):**
A diamond in the rough! This historic farmhouse is brimming with untold stories and untapped potential. Beneath the weathered exterior are the solid bones of a truly special home. Imagine restoring that classic porch for quiet country evenings and bringing life back to every room. It's more than a project; itâ€™s a chance to own a piece of history. Who's ready to write the next chapter?

#FixerUpper #OldHouseLove #RenovationProject #CountryLiving #DreamHome

**Option 2 (Focus on Romance & History):**
If these walls could talk... This beautiful, weathered farmhouse stands proudly under a vast sky, holding a century of memories. Every peel of paint and creaking board tells a story of a time gone by. A truly captivating find for those who appreciate the rustic charm and soulful character that only time can create. A forgotten beauty waiting to be cherished once more.

#AbandonedBeauty #HistoricHome #FarmhouseCharm #RuralExploration #OldSoul","Here are a few options for a compelling social post:

**Option 1 (Focus on Potential):**
A diamond i","ğŸ¡ New Listing Alert! ğŸ¡

Here are a few options for a compelling social post:

**Option 1 (Focus on P","Exciting New Property Listing!

Here are a few options for a compelling social post:

**Option 1 (Fo",2025-10-31T20:01:49.698501
prop_001,"123 Maple Street, Downtown","$450,000",2-Bedroom Condo,"Here are a few options, choose the one that best fits your brand's voice:

**Option 1 (Elegant & Evocative):**

Your private paradise awaits. As twilight paints the sky, this magnificent villa begins to glow. Imagine evenings spent by this stunning infinity pool, where the tranquil water perfectly mirrors your luxurious surroundings. This is more than a getaway; it's an experience in pure serenity and style. Your ultimate escape is calling.

#LuxuryVilla #DreamVacation #InfinityPool #TravelGoals #PrivateRetreat

**Option 2 (Direct & Aspirational):**

This is what dreams are made of. Picture yourself here, unwinding by the water's edge as this stunning estate lights up against the evening sky. With its breathtaking architecture and a serene infinity pool, this is the ultimate destination for luxury and relaxation. Who would you bring with you to this paradise?

#VillaLife #LuxuryTravel #VacationGoals #Poolside #ParadiseFound

**Option 3 (Short & Punchy):**

Evenings here are pure magic. The dramatic sky, the warm glow of the villa, the perfect reflection in the infinity pool... some views are too good not to share. This is the definition of a dream escape. Ready to dive in?

#LuxuryLiving #InfinityPool #Escape #Architecture #TravelInStyle","Here are a few options, choose the one that best fits your brand's voice:

**Option 1 (Elegant & Evo","ğŸ¡ New Listing Alert! ğŸ¡

Here are a few options, choose the one that best fits your brand's voice:

*","Exciting New Property Listing!

Here are a few options, choose the one that best fits your brand's v",2025-10-31T20:01:49.698516
prop_001,"123 Maple Street, Downtown","$450,000",2-Bedroom Condo,Fallback: Beautiful property with modern features.,"Fallback: Beautiful property with modern features.

ğŸ“ 123 Maple Street, Downtown
ğŸ’° $450,000
ğŸ  2-Bedr","ğŸ¡ New Listing Alert! ğŸ¡

Fallback: Beautiful property with modern features.

ğŸ“ Location: 123 Maple St","Exciting New Property Listing!

Fallback: Beautiful property with modern features.

Professional Det",2025-10-31T20:01:49.698529
prop_001,"123 Maple Street, Downtown","$450,000",2-Bedroom Condo,Fallback: Beautiful property with modern features.,"Fallback: Beautiful property with modern features.

ğŸ“ 123 Maple Street, Downtown
ğŸ’° $450,000
ğŸ  2-Bedr","ğŸ¡ New Listing Alert! ğŸ¡

Fallback: Beautiful property with modern features.

ğŸ“ Location: 123 Maple St","Exciting New Property Listing!

Fallback: Beautiful property with modern features.

Professional Det",2025-10-31T20:01:49.698540
